<?xml version = '1.0' encoding = 'UTF-8'?>
<Entity class="oracle.dbtools.crest.model.design.logical.Entity" directorySegmentName="seg_0" id="2E4ADC8E-275E-642A-62E8-B0992D36724E" name="Funcionario">
<createdBy>labsfiap</createdBy>
<createdTime>2025-04-15 14:19:33 UTC</createdTime>
<ownerDesignName>IDIOMA</ownerDesignName>
<engineerTo>
<item key="F3F70941-A4F3-B5E0-536D-6D67E03289D0" value="true"/>
</engineerTo>
<adequatelyNormalized>NO</adequatelyNormalized>
<expectedVolumes>0</expectedVolumes>
<fwdEngineeringStrategyName>Single Table</fwdEngineeringStrategyName>
<growthPercent>0</growthPercent>
<growthType>Year</growthType>
<maxVolumes>9999999</maxVolumes>
<minVolumes>0</minVolumes>
<normalForm>Third</normalForm>
<attributes itemClass="oracle.dbtools.crest.model.design.logical.Attribute">
<Attribute name="COD FUNC" id="F243D8DD-8B06-BB67-EB70-B458762CC1D4">
<createdBy>labsfiap</createdBy>
<createdTime>2025-04-15 14:20:02 UTC</createdTime>
<ownerDesignName>IDIOMA</ownerDesignName>
<engineerTo>
<item key="F3F70941-A4F3-B5E0-536D-6D67E03289D0" value="true"/>
</engineerTo>
<useDomainConstraints>false</useDomainConstraints>
<use>1</use>
<logicalDatatype>LOGDT019</logicalDatatype>
<dataTypePrecision>5</dataTypePrecision>
<ownDataTypeParameters>,5,</ownDataTypeParameters>
</Attribute>
<Attribute name="NOME FUNC" id="26004CE1-F74B-1258-1298-25F17018DF1E">
<createdBy>labsfiap</createdBy>
<createdTime>2025-04-15 14:20:31 UTC</createdTime>
<ownerDesignName>IDIOMA</ownerDesignName>
<engineerTo>
<item key="F3F70941-A4F3-B5E0-536D-6D67E03289D0" value="true"/>
</engineerTo>
<nullsAllowed>true</nullsAllowed>
<useDomainConstraints>false</useDomainConstraints>
<use>1</use>
<logicalDatatype>LOGDT024</logicalDatatype>
<dataTypeSize>50</dataTypeSize>
<ownDataTypeParameters>50,,</ownDataTypeParameters>
</Attribute>
</attributes>
<identifiers itemClass="oracle.dbtools.crest.model.design.logical.CandidateKey">
<identifier id="9D22DBFD-D90D-5060-4966-E08B55CA9210" name="Funcionario PK">
<createdBy>labsfiap</createdBy>
<createdTime>2025-04-15 14:22:56 UTC</createdTime>
<ownerDesignName>IDIOMA</ownerDesignName>
<engineerTo>
<item key="F3F70941-A4F3-B5E0-536D-6D67E03289D0" value="true"/>
</engineerTo>
<pk>true</pk>
<usedAttributes>
<attributeRef>F243D8DD-8B06-BB67-EB70-B458762CC1D4</attributeRef>
</usedAttributes>
</identifier>
</identifiers>
</Entity>