<?xml version = '1.0' encoding = 'UTF-8'?>
<Entity class="oracle.dbtools.crest.model.design.logical.Entity" directorySegmentName="seg_0" id="A04A3755-8044-F2E5-1036-93D169B1A367" name="Idioma">
<createdBy>labsfiap</createdBy>
<createdTime>2025-04-15 14:20:59 UTC</createdTime>
<ownerDesignName>IDIOMA</ownerDesignName>
<engineerTo>
<item key="F3F70941-A4F3-B5E0-536D-6D67E03289D0" value="true"/>
</engineerTo>
<adequatelyNormalized>NO</adequatelyNormalized>
<expectedVolumes>0</expectedVolumes>
<fwdEngineeringStrategyName>Single Table</fwdEngineeringStrategyName>
<growthPercent>0</growthPercent>
<growthType>Year</growthType>
<maxVolumes>9999999</maxVolumes>
<minVolumes>0</minVolumes>
<normalForm>Third</normalForm>
<attributes itemClass="oracle.dbtools.crest.model.design.logical.Attribute">
<Attribute name="COD IDIOMA" id="1A320B4F-E8A0-11A1-4BED-9690F2952C18">
<createdBy>labsfiap</createdBy>
<createdTime>2025-04-15 14:21:10 UTC</createdTime>
<ownerDesignName>IDIOMA</ownerDesignName>
<engineerTo>
<item key="F3F70941-A4F3-B5E0-536D-6D67E03289D0" value="true"/>
</engineerTo>
<useDomainConstraints>false</useDomainConstraints>
<use>1</use>
<logicalDatatype>LOGDT025</logicalDatatype>
<dataTypeSize>2</dataTypeSize>
<ownDataTypeParameters>2,,</ownDataTypeParameters>
</Attribute>
<Attribute name="NOME IDIOMA" id="6201178D-ACC2-6AA4-95D7-617A6672B9A4">
<createdBy>labsfiap</createdBy>
<createdTime>2025-04-15 14:21:32 UTC</createdTime>
<ownerDesignName>IDIOMA</ownerDesignName>
<engineerTo>
<item key="F3F70941-A4F3-B5E0-536D-6D67E03289D0" value="true"/>
</engineerTo>
<nullsAllowed>true</nullsAllowed>
<useDomainConstraints>false</useDomainConstraints>
<use>1</use>
<logicalDatatype>LOGDT024</logicalDatatype>
<dataTypeSize>20</dataTypeSize>
<ownDataTypeParameters>20,,</ownDataTypeParameters>
</Attribute>
</attributes>
<identifiers itemClass="oracle.dbtools.crest.model.design.logical.CandidateKey">
<identifier id="E5E7BB7D-6981-1643-F5CC-EDE39A0E4023" name="Idioma PK">
<createdBy>labsfiap</createdBy>
<createdTime>2025-04-15 14:23:01 UTC</createdTime>
<ownerDesignName>IDIOMA</ownerDesignName>
<engineerTo>
<item key="F3F70941-A4F3-B5E0-536D-6D67E03289D0" value="true"/>
</engineerTo>
<pk>true</pk>
<usedAttributes>
<attributeRef>1A320B4F-E8A0-11A1-4BED-9690F2952C18</attributeRef>
</usedAttributes>
</identifier>
</identifiers>
</Entity>