<?xml version = '1.0' encoding = 'UTF-8'?>
<Entity class="oracle.dbtools.crest.model.design.logical.Entity" directorySegmentName="seg_0" id="CD6B082F-A67F-A2C2-2502-0A8E612637D5" name="Relation 3">
<createdBy>labsfiap</createdBy>
<createdTime>2025-04-15 14:35:31 UTC</createdTime>
<generatorID>AF15EE32-5F8E-FF7D-5D96-D3119BDE6367</generatorID>
<ownerDesignName>IDIOMA</ownerDesignName>
<engineerTo>
<item key="F3F70941-A4F3-B5E0-536D-6D67E03289D0" value="true"/>
</engineerTo>
<adequatelyNormalized>NO</adequatelyNormalized>
<expectedVolumes>0</expectedVolumes>
<fwdEngineeringStrategyName>Single Table</fwdEngineeringStrategyName>
<growthPercent>0</growthPercent>
<growthType>Year</growthType>
<maxVolumes>9999999</maxVolumes>
<minVolumes>0</minVolumes>
<normalForm>Third</normalForm>
<attributes itemClass="oracle.dbtools.crest.model.design.logical.Attribute">
<Attribute name="Funcionario COD FUNC" id="622C7BBC-200A-9D8A-BF21-72DF01E89BCF">
<createdBy>labsfiap</createdBy>
<createdTime>2025-04-15 14:35:31 UTC</createdTime>
<generatorID>916E7A89-10F7-ED4E-5175-5D58860CBCA3</generatorID>
<ownerDesignName>IDIOMA</ownerDesignName>
<engineerTo>
<item key="F3F70941-A4F3-B5E0-536D-6D67E03289D0" value="true"/>
</engineerTo>
<referedAttribute>F243D8DD-8B06-BB67-EB70-B458762CC1D4</referedAttribute>
<useDomainConstraints>false</useDomainConstraints>
<use>1</use>
<logicalDatatype>LOGDT019</logicalDatatype>
<dataTypePrecision>5</dataTypePrecision>
<ownDataTypeParameters>,,</ownDataTypeParameters>
</Attribute>
<Attribute name="Idioma COD IDIOMA" id="A64C5E42-CA1B-053E-C5B7-5048ADC37E9F">
<createdBy>labsfiap</createdBy>
<createdTime>2025-04-15 14:35:31 UTC</createdTime>
<generatorID>4EB4D90E-350F-E286-8AB6-F57CE428654A</generatorID>
<ownerDesignName>IDIOMA</ownerDesignName>
<engineerTo>
<item key="F3F70941-A4F3-B5E0-536D-6D67E03289D0" value="true"/>
</engineerTo>
<referedAttribute>1A320B4F-E8A0-11A1-4BED-9690F2952C18</referedAttribute>
<useDomainConstraints>false</useDomainConstraints>
<use>1</use>
<logicalDatatype>LOGDT025</logicalDatatype>
<dataTypeSize>2</dataTypeSize>
<ownDataTypeParameters>,,</ownDataTypeParameters>
</Attribute>
</attributes>
<identifiers itemClass="oracle.dbtools.crest.model.design.logical.CandidateKey">
<identifier id="49EF08FA-4547-839A-BBEA-E7870476C362" name="Relation 3 PK">
<createdBy>labsfiap</createdBy>
<createdTime>2025-04-15 14:35:31 UTC</createdTime>
<generatorID>12F454D9-4A2D-5694-78DC-418EC421C7CC</generatorID>
<ownerDesignName>IDIOMA</ownerDesignName>
<engineerTo>
<item key="F3F70941-A4F3-B5E0-536D-6D67E03289D0" value="true"/>
</engineerTo>
<pk>true</pk>
<usedAttributes>
<attributeRef>622C7BBC-200A-9D8A-BF21-72DF01E89BCF</attributeRef>
<attributeRef>A64C5E42-CA1B-053E-C5B7-5048ADC37E9F</attributeRef>
</usedAttributes>
</identifier>
</identifiers>
</Entity>