<?xml version = '1.0' encoding = 'UTF-8'?>
<Diagram class="oracle.dbtools.crest.swingui.relational.DPVRelational" name="Relational_1" id="DCC40BFB-5F52-2BB8-1C30-9B36E46B32D0">
<createdBy>labsfiap</createdBy>
<modifiedBy>labsfiap</modifiedBy>
<createdTime>2025-04-15 14:30:23 UTC</createdTime>
<autoRoute>false</autoRoute>
<boxInbox>true</boxInbox>
<showLegend>false</showLegend>
<showLabels>false</showLabels>
<showRelAttributes>false</showRelAttributes>
<gridEnabled>false</gridEnabled>
<showGrid>false</showGrid>
<diagramColor>-1</diagramColor>
<display>false</display>
<notation>1</notation>
<objectViews>
<OView class="oracle.dbtools.crest.swingui.relational.TVTable" oid="505A1B51-05E1-DF82-21DC-CA0CBE2765B7" otype="Table" vid="F4370FF3-D43D-912D-727C-3B73BEA3F51F">
<hideElementsInCurrentOnly>false</hideElementsInCurrentOnly>
<bounds x="58" y="29" width="236" height="110"/>
</OView>
<OView class="oracle.dbtools.crest.swingui.relational.TVTable" oid="AF15EE32-5F8E-FF7D-5D96-D3119BDE6367" otype="Table" vid="7382CBA4-C2D0-B133-1F05-2613CFCA2068">
<hideElementsInCurrentOnly>false</hideElementsInCurrentOnly>
<bounds x="203" y="198" width="355" height="143"/>
</OView>
<OView class="oracle.dbtools.crest.swingui.relational.TVTable" oid="B98BB692-CAC0-8B65-E3E0-AEF5076BBF2F" otype="Table" vid="6AAEF25D-65EA-65E7-41A6-E7A38B388937">
<hideElementsInCurrentOnly>false</hideElementsInCurrentOnly>
<bounds x="465" y="23" width="227" height="110"/>
</OView>
</objectViews>
<connectors>
<Connector class="oracle.dbtools.crest.swingui.relational.TVFKRelation" oid="181A0319-E25B-B5CB-A066-3BF8722FE2D2" otype="FKIndexAssociation" vid_source="F4370FF3-D43D-912D-727C-3B73BEA3F51F" vid_target="7382CBA4-C2D0-B133-1F05-2613CFCA2068">
<hideElementsInCurrentOnly>false</hideElementsInCurrentOnly>
<backgroundColor>-16777216</backgroundColor>
<lineWidth>1</lineWidth>
<points>
<point x="248" y="139"/>
<point x="248" y="198"/>
</points>
</Connector>
<Connector class="oracle.dbtools.crest.swingui.relational.TVFKRelation" oid="6C444BC2-2BFF-BC23-CC6F-C74C80814BE0" otype="FKIndexAssociation" vid_source="6AAEF25D-65EA-65E7-41A6-E7A38B388937" vid_target="7382CBA4-C2D0-B133-1F05-2613CFCA2068">
<hideElementsInCurrentOnly>false</hideElementsInCurrentOnly>
<backgroundColor>-16777216</backgroundColor>
<lineWidth>1</lineWidth>
<points>
<point x="511" y="133"/>
<point x="511" y="198"/>
</points>
</Connector>
</connectors>
</Diagram>