<?xml version = '1.0' encoding = 'UTF-8'?>
<Relation class="oracle.dbtools.crest.model.design.logical.Relation" name="Relation_3_Idioma_FK" directorySegmentName="seg_0" id="4EB4D90E-350F-E286-8AB6-F57CE428654A">
<createdBy>labsfiap</createdBy>
<createdTime>2025-04-15 14:35:31 UTC</createdTime>
<generatorID>6C444BC2-2BFF-BC23-CC6F-C74C80814BE0</generatorID>
<ownerDesignName>IDIOMA</ownerDesignName>
<engineerTo>
<item key="F3F70941-A4F3-B5E0-536D-6D67E03289D0" value="true"/>
</engineerTo>
<sourcePk>E5E7BB7D-6981-1643-F5CC-EDE39A0E4023</sourcePk>
<identifying>true</identifying>
<optionalSource>true</optionalSource>
<optionalTarget>false</optionalTarget>
<sourceCardinality>1</sourceCardinality>
<sourceEntity>A04A3755-8044-F2E5-1036-93D169B1A367</sourceEntity>
<targetCardinalityString>*</targetCardinalityString>
<targetEntity>CD6B082F-A67F-A2C2-2502-0A8E612637D5</targetEntity>
<transferable>true</transferable>
<deleteRule>NO ACTION</deleteRule>
</Relation>