<?xml version = '1.0' encoding = 'UTF-8'?>
<Relation class="oracle.dbtools.crest.model.design.logical.Relation" name="Relation_3_Funcionario_FK" directorySegmentName="seg_0" id="916E7A89-10F7-ED4E-5175-5D58860CBCA3">
<createdBy>labsfiap</createdBy>
<createdTime>2025-04-15 14:35:31 UTC</createdTime>
<generatorID>181A0319-E25B-B5CB-A066-3BF8722FE2D2</generatorID>
<ownerDesignName>IDIOMA</ownerDesignName>
<engineerTo>
<item key="F3F70941-A4F3-B5E0-536D-6D67E03289D0" value="true"/>
</engineerTo>
<sourcePk>9D22DBFD-D90D-5060-4966-E08B55CA9210</sourcePk>
<identifying>true</identifying>
<optionalSource>true</optionalSource>
<optionalTarget>false</optionalTarget>
<sourceCardinality>1</sourceCardinality>
<sourceEntity>2E4ADC8E-275E-642A-62E8-B0992D36724E</sourceEntity>
<targetCardinalityString>*</targetCardinalityString>
<targetEntity>CD6B082F-A67F-A2C2-2502-0A8E612637D5</targetEntity>
<transferable>true</transferable>
<deleteRule>NO ACTION</deleteRule>
</Relation>