<?xml version = '1.0' encoding = 'UTF-8'?>
<FKIndexAssociation class="oracle.dbtools.crest.model.design.relational.FKIndexAssociation" directorySegmentName="seg_0" id="181A0319-E25B-B5CB-A066-3BF8722FE2D2" containerWithKeyObject="AF15EE32-5F8E-FF7D-5D96-D3119BDE6367" localFKIndex="39765E47-1AD1-0AE9-A6C9-4CE2ABC3329D" name="Relation_3_Funcionario_FK">
<createdBy>labsfiap</createdBy>
<createdTime>2025-04-15 14:30:23 UTC</createdTime>
<generatorID>03557CE4-68FA-F881-D18F-09417F91B76A</generatorID>
<ownerDesignName>IDIOMA</ownerDesignName>
<referredTableLongName>Funcionario</referredTableLongName>
<deleteRule>NO ACTION</deleteRule>
<referredTableID>505A1B51-05E1-DF82-21DC-CA0CBE2765B7</referredTableID>
<keyObject>F4277BF5-C7DC-647F-09EF-59C9FBFE9B5A</keyObject>
<referredKeyID>F4277BF5-C7DC-647F-09EF-59C9FBFE9B5A</referredKeyID>
<mandatory>true</mandatory>
<refColNames>COD_FUNC</refColNames>
<transferable>true</transferable>
<rely>false</rely>
<columnDependencyConstraintGenerateInDDL>true</columnDependencyConstraintGenerateInDDL>
</FKIndexAssociation>