<?xml version = '1.0' encoding = 'UTF-8'?>
<FKIndexAssociation class="oracle.dbtools.crest.model.design.relational.FKIndexAssociation" directorySegmentName="seg_0" id="6C444BC2-2BFF-BC23-CC6F-C74C80814BE0" containerWithKeyObject="AF15EE32-5F8E-FF7D-5D96-D3119BDE6367" localFKIndex="87700B88-D6FE-756A-954B-75FA7E2AC8F1" name="Relation_3_Idioma_FK">
<createdBy>labsfiap</createdBy>
<createdTime>2025-04-15 14:30:23 UTC</createdTime>
<generatorID>03557CE4-68FA-F881-D18F-09417F91B76A</generatorID>
<ownerDesignName>IDIOMA</ownerDesignName>
<referredTableLongName>Idioma</referredTableLongName>
<deleteRule>NO ACTION</deleteRule>
<referredTableID>B98BB692-CAC0-8B65-E3E0-AEF5076BBF2F</referredTableID>
<keyObject>4F6FB403-FB90-E4B6-6760-ABECB06AB993</keyObject>
<referredKeyID>4F6FB403-FB90-E4B6-6760-ABECB06AB993</referredKeyID>
<mandatory>true</mandatory>
<refColNames>COD_IDIOMA</refColNames>
<transferable>true</transferable>
<rely>false</rely>
<columnDependencyConstraintGenerateInDDL>true</columnDependencyConstraintGenerateInDDL>
</FKIndexAssociation>