<?xml version = '1.0' encoding = 'UTF-8'?>
<Table class="oracle.dbtools.crest.model.design.relational.Table" directorySegmentName="seg_0" id="505A1B51-05E1-DF82-21DC-CA0CBE2765B7" name="Funcionario">
<createdBy>labsfiap</createdBy>
<createdTime>2025-04-15 14:30:23 UTC</createdTime>
<generatorID>2E4ADC8E-275E-642A-62E8-B0992D36724E</generatorID>
<ownerDesignName>IDIOMA</ownerDesignName>
<allowColumnReorder>false</allowColumnReorder>
<existDependencyGenerateInDDl>true</existDependencyGenerateInDDl>
<parsed>true</parsed>
<columns itemClass="oracle.dbtools.crest.model.design.relational.Column">
<Column name="COD_FUNC" id="6958C107-0703-7145-3280-11E68A38AB20">
<createdBy>labsfiap</createdBy>
<createdTime>2025-04-15 14:30:23 UTC</createdTime>
<generatorID>F243D8DD-8B06-BB67-EB70-B458762CC1D4</generatorID>
<ownerDesignName>IDIOMA</ownerDesignName>
<useDomainConstraints>false</useDomainConstraints>
<use>1</use>
<logicalDatatype>LOGDT019</logicalDatatype>
<dataTypePrecision>5</dataTypePrecision>
<ownDataTypeParameters>,5,</ownDataTypeParameters>
<autoIncrementCycle>false</autoIncrementCycle>
</Column>
<Column name="NOME_FUNC" id="08A741B4-860F-F6FE-D90B-942E2D55D965">
<createdBy>labsfiap</createdBy>
<createdTime>2025-04-15 14:30:23 UTC</createdTime>
<generatorID>26004CE1-F74B-1258-1298-25F17018DF1E</generatorID>
<ownerDesignName>IDIOMA</ownerDesignName>
<nullsAllowed>true</nullsAllowed>
<useDomainConstraints>false</useDomainConstraints>
<use>1</use>
<logicalDatatype>LOGDT024</logicalDatatype>
<dataTypeSize>50</dataTypeSize>
<ownDataTypeParameters>50,,</ownDataTypeParameters>
<autoIncrementCycle>false</autoIncrementCycle>
</Column>
</columns>
<indexes itemClass="oracle.dbtools.crest.model.design.relational.Index">
<ind_PK_UK id="F4277BF5-C7DC-647F-09EF-59C9FBFE9B5A" name="Funcionario_PK">
<createdBy>labsfiap</createdBy>
<createdTime>2025-04-15 14:30:23 UTC</createdTime>
<generatorID>9D22DBFD-D90D-5060-4966-E08B55CA9210</generatorID>
<ownerDesignName>IDIOMA</ownerDesignName>
<pk>true</pk>
<indexState>Primary Constraint</indexState>
<isSurrogateKey>false</isSurrogateKey>
<indexColumnUsage>
<colUsage columnID="6958C107-0703-7145-3280-11E68A38AB20"/>
</indexColumnUsage>
</ind_PK_UK>
</indexes>
</Table>