<?xml version = '1.0' encoding = 'UTF-8'?>
<Table class="oracle.dbtools.crest.model.design.relational.Table" directorySegmentName="seg_0" id="AF15EE32-5F8E-FF7D-5D96-D3119BDE6367" name="Relation_3">
<createdBy>labsfiap</createdBy>
<createdTime>2025-04-15 14:30:23 UTC</createdTime>
<ownerDesignName>IDIOMA</ownerDesignName>
<allowColumnReorder>false</allowColumnReorder>
<existDependencyGenerateInDDl>true</existDependencyGenerateInDDl>
<parsed>true</parsed>
<columns itemClass="oracle.dbtools.crest.model.design.relational.Column">
<Column name="Funcionario_COD_FUNC" id="615CB25D-63AC-ED99-AE90-B397D4203873">
<createdBy>labsfiap</createdBy>
<createdTime>2025-04-15 14:30:23 UTC</createdTime>
<ownerDesignName>IDIOMA</ownerDesignName>
<useDomainConstraints>false</useDomainConstraints>
<use>1</use>
<logicalDatatype>LOGDT019</logicalDatatype>
<dataTypePrecision>5</dataTypePrecision>
<ownDataTypeParameters>,,</ownDataTypeParameters>
<previousColumn>false</previousColumn>
<autoIncrementCycle>false</autoIncrementCycle>
<associations>
<colAssociation fkAssociation="181A0319-E25B-B5CB-A066-3BF8722FE2D2" referredColumn="6958C107-0703-7145-3280-11E68A38AB20"/>
</associations>
</Column>
<Column name="Idioma_COD_IDIOMA" id="D05B548C-DCA3-E318-C367-9B5F8CA0F910">
<createdBy>labsfiap</createdBy>
<createdTime>2025-04-15 14:30:23 UTC</createdTime>
<ownerDesignName>IDIOMA</ownerDesignName>
<useDomainConstraints>false</useDomainConstraints>
<use>1</use>
<logicalDatatype>LOGDT025</logicalDatatype>
<dataTypeSize>2</dataTypeSize>
<ownDataTypeParameters>,,</ownDataTypeParameters>
<previousColumn>false</previousColumn>
<autoIncrementCycle>false</autoIncrementCycle>
<associations>
<colAssociation fkAssociation="6C444BC2-2BFF-BC23-CC6F-C74C80814BE0" referredColumn="90776B27-8F3D-312B-7B0A-25C6717F8100"/>
</associations>
</Column>
</columns>
<indexes itemClass="oracle.dbtools.crest.model.design.relational.Index">
<ind_PK_UK id="12F454D9-4A2D-5694-78DC-418EC421C7CC" name="Relation_3_PK">
<createdBy>labsfiap</createdBy>
<createdTime>2025-04-15 14:30:23 UTC</createdTime>
<ownerDesignName>IDIOMA</ownerDesignName>
<pk>true</pk>
<indexState>Primary Constraint</indexState>
<isSurrogateKey>false</isSurrogateKey>
<indexColumnUsage>
<colUsage columnID="615CB25D-63AC-ED99-AE90-B397D4203873"/>
<colUsage columnID="D05B548C-DCA3-E318-C367-9B5F8CA0F910"/>
</indexColumnUsage>
</ind_PK_UK>
<ind_PK_UK id="39765E47-1AD1-0AE9-A6C9-4CE2ABC3329D" name="Relation_3_Funcionario_FK">
<createdBy>labsfiap</createdBy>
<createdTime>2025-04-15 14:30:23 UTC</createdTime>
<generatorID>03557CE4-68FA-F881-D18F-09417F91B76A</generatorID>
<ownerDesignName>IDIOMA</ownerDesignName>
<indexState>Foreign Key</indexState>
<isSurrogateKey>false</isSurrogateKey>
<indexColumnUsage>
<colUsage columnID="615CB25D-63AC-ED99-AE90-B397D4203873"/>
</indexColumnUsage>
</ind_PK_UK>
<ind_PK_UK id="87700B88-D6FE-756A-954B-75FA7E2AC8F1" name="Relation_3_Idioma_FK">
<createdBy>labsfiap</createdBy>
<createdTime>2025-04-15 14:30:23 UTC</createdTime>
<generatorID>03557CE4-68FA-F881-D18F-09417F91B76A</generatorID>
<ownerDesignName>IDIOMA</ownerDesignName>
<indexState>Foreign Key</indexState>
<isSurrogateKey>false</isSurrogateKey>
<indexColumnUsage>
<colUsage columnID="D05B548C-DCA3-E318-C367-9B5F8CA0F910"/>
</indexColumnUsage>
</ind_PK_UK>
</indexes>
</Table>