<?xml version = '1.0' encoding = 'UTF-8'?>
<Table class="oracle.dbtools.crest.model.design.relational.Table" directorySegmentName="seg_0" id="B98BB692-CAC0-8B65-E3E0-AEF5076BBF2F" name="Idioma">
<createdBy>labsfiap</createdBy>
<createdTime>2025-04-15 14:30:23 UTC</createdTime>
<generatorID>A04A3755-8044-F2E5-1036-93D169B1A367</generatorID>
<ownerDesignName>IDIOMA</ownerDesignName>
<allowColumnReorder>false</allowColumnReorder>
<existDependencyGenerateInDDl>true</existDependencyGenerateInDDl>
<parsed>true</parsed>
<columns itemClass="oracle.dbtools.crest.model.design.relational.Column">
<Column name="COD_IDIOMA" id="90776B27-8F3D-312B-7B0A-25C6717F8100">
<createdBy>labsfiap</createdBy>
<createdTime>2025-04-15 14:30:23 UTC</createdTime>
<generatorID>1A320B4F-E8A0-11A1-4BED-9690F2952C18</generatorID>
<ownerDesignName>IDIOMA</ownerDesignName>
<useDomainConstraints>false</useDomainConstraints>
<use>1</use>
<logicalDatatype>LOGDT025</logicalDatatype>
<dataTypeSize>2</dataTypeSize>
<ownDataTypeParameters>2,,</ownDataTypeParameters>
<autoIncrementCycle>false</autoIncrementCycle>
</Column>
<Column name="NOME_IDIOMA" id="DACB7972-B3CE-12FA-FBE1-4DB2D0B861BD">
<createdBy>labsfiap</createdBy>
<createdTime>2025-04-15 14:30:23 UTC</createdTime>
<generatorID>6201178D-ACC2-6AA4-95D7-617A6672B9A4</generatorID>
<ownerDesignName>IDIOMA</ownerDesignName>
<nullsAllowed>true</nullsAllowed>
<useDomainConstraints>false</useDomainConstraints>
<use>1</use>
<logicalDatatype>LOGDT024</logicalDatatype>
<dataTypeSize>20</dataTypeSize>
<ownDataTypeParameters>20,,</ownDataTypeParameters>
<autoIncrementCycle>false</autoIncrementCycle>
</Column>
</columns>
<indexes itemClass="oracle.dbtools.crest.model.design.relational.Index">
<ind_PK_UK id="4F6FB403-FB90-E4B6-6760-ABECB06AB993" name="Idioma_PK">
<createdBy>labsfiap</createdBy>
<createdTime>2025-04-15 14:30:23 UTC</createdTime>
<generatorID>E5E7BB7D-6981-1643-F5CC-EDE39A0E4023</generatorID>
<ownerDesignName>IDIOMA</ownerDesignName>
<pk>true</pk>
<indexState>Primary Constraint</indexState>
<isSurrogateKey>false</isSurrogateKey>
<indexColumnUsage>
<colUsage columnID="90776B27-8F3D-312B-7B0A-25C6717F8100"/>
</indexColumnUsage>
</ind_PK_UK>
</indexes>
</Table>