<?xml version = '1.0' encoding = 'UTF-8'?>
<Diagram class="oracle.dbtools.crest.swingui.logical.DPVLogical" name="Logical" id="A15EBD83-1727-370F-465A-EF672AC15C15">
<createdBy>labsfiap</createdBy>
<modifiedBy>labsfiap</modifiedBy>
<createdTime>2025-04-15 14:19:33 UTC</createdTime>
<autoRoute>false</autoRoute>
<boxInbox>true</boxInbox>
<showLegend>false</showLegend>
<showLabels>false</showLabels>
<showRelAttributes>false</showRelAttributes>
<gridEnabled>false</gridEnabled>
<showGrid>false</showGrid>
<diagramColor>-1</diagramColor>
<display>false</display>
<notation>2</notation>
<objectViews>
<OView class="oracle.dbtools.crest.swingui.logical.TVEntity" oid="2E4ADC8E-275E-642A-62E8-B0992D36724E" otype="Entity" vid="EAECD78D-3CB7-56C5-3FF5-94C7BFFFA18F">
<hideElementsInCurrentOnly>false</hideElementsInCurrentOnly>
<bounds x="58" y="29" width="236" height="110"/>
</OView>
<OView class="oracle.dbtools.crest.swingui.logical.TVEntity" oid="A04A3755-8044-F2E5-1036-93D169B1A367" otype="Entity" vid="5E0C7E6E-DC38-5F68-85DC-24FA721BBE94">
<hideElementsInCurrentOnly>false</hideElementsInCurrentOnly>
<bounds x="465" y="23" width="227" height="110"/>
</OView>
<OView class="oracle.dbtools.crest.swingui.logical.TVEntity" oid="CD6B082F-A67F-A2C2-2502-0A8E612637D5" otype="Entity" vid="B41D06D3-D001-FA49-9EA7-04F50914749B">
<hideElementsInCurrentOnly>false</hideElementsInCurrentOnly>
<bounds x="203" y="198" width="355" height="143"/>
</OView>
</objectViews>
<connectors>
<Connector class="oracle.dbtools.crest.swingui.logical.TVRelation" oid="4EB4D90E-350F-E286-8AB6-F57CE428654A" otype="Relation" vid_source="5E0C7E6E-DC38-5F68-85DC-24FA721BBE94" vid_target="B41D06D3-D001-FA49-9EA7-04F50914749B">
<hideElementsInCurrentOnly>false</hideElementsInCurrentOnly>
<backgroundColor>-16777216</backgroundColor>
<lineWidth>1</lineWidth>
<points>
<point x="511" y="133"/>
<point x="511" y="198"/>
</points>
</Connector>
<Connector class="oracle.dbtools.crest.swingui.logical.TVRelation" oid="916E7A89-10F7-ED4E-5175-5D58860CBCA3" otype="Relation" vid_source="EAECD78D-3CB7-56C5-3FF5-94C7BFFFA18F" vid_target="B41D06D3-D001-FA49-9EA7-04F50914749B">
<hideElementsInCurrentOnly>false</hideElementsInCurrentOnly>
<backgroundColor>-16777216</backgroundColor>
<lineWidth>1</lineWidth>
<points>
<point x="248" y="139"/>
<point x="248" y="198"/>
</points>
</Connector>
</connectors>
</Diagram>